{
  "n_speakers": 17,
  "evaluation": "Leave-One-Out CV",
  "embedding_dim": 856,
  "phq_stats": {
    "mean": 5.764705657958984,
    "std": 5.352618217468262,
    "min": 0.0,
    "max": 20.0
  },
  "baseline_mean": {
    "mae": 4.1937713623046875,
    "rmse": 5.352618217468262,
    "pearson_r": 0.0,
    "ccc": 0.0
  },
  "svr": {
    "mae": 4.40832193530587,
    "rmse": 5.928426875898032,
    "pearson_r": -0.7339988298180583,
    "ccc": -0.1296805995012811
  },
  "xgboost": {
    "mae": 4.9564032554626465,
    "rmse": 6.425983428955078,
    "pearson_r": -0.4156703213657583,
    "ccc": -0.26381493902915065
  }
}